"Campo Origen","Tipo Origen","Obligatorio","Campo Destino","Tipo Destino","Regla de Transformación","Notas"
"id_solicitud","string","O","loanApplicationId","string","Mantener valor",""
"id_cliente","string","O","customerId","string","Mantener valor",""
"nombre_cliente","string","O","customerName","string","Normalizar: trim() + eliminar caracteres especiales",""
"apellido_cliente","string","O","customerLastName","string","Normalizar: trim() + eliminar caracteres especiales",""
"tipo_documento","string","O","documentType","string","MAPEO: [DNI, PASAPORTE] → [ID_CARD, PASSPORT]",""
"numero_documento","string","O","documentNumber","string","Normalizar: trim() + eliminar espacios y guiones",""
"fecha_nacimiento","string","O","birthDate","string","FORMATO: DD/MM/YYYY → YYYY-MM-DD",""
"direccion_residencia","string","O","address","string","Normalizar: trim() + uppercase()",""
"codigo_postal","string","O","postalCode","string","Normalizar: trim()",""
"telefono_contacto","string","O","phoneNumber","string","Normalizar: eliminar espacios, guiones y paréntesis",""
"email","string","O","email","string","Normalizar: trim() + lowercase()",""
"monto_solicitado","number","O","requestedAmount","number","Convertir a decimal con 2 lugares",""
"plazo_meses","integer","O","loanTermMonths","integer","Mantener valor",""
"ingresos_mensuales","number","O","monthlyIncome","number","Convertir a decimal con 2 lugares",""
"gastos_mensuales","number","O","monthlyExpenses","number","Convertir a decimal con 2 lugares",""
"empleador","string","O","employerName","string","Normalizar: trim() + uppercase()",""
"antigüedad_empleo_meses","integer","O","employmentTenureMonths","integer","Mantener valor",""
"tipo_contrato","string","O","employmentType","string","MAPEO: [INDEFINIDO, TEMPORAL, AUTONOMO] → [PERMANENT, TEMPORARY, SELF_EMPLOYED]",""
"sector_economico","string","O","economicSector","string","MAPEO: [BANCARIO, COMERCIO, CONSTRUCCION, AGRICULTURA] → [BANKING, RETAIL, CONSTRUCTION, AGRICULTURE]",""
"score_crediticio","integer","O","creditScore","integer","Mantener valor, rango [300-850]",""
"historico_morosidad","string","O","delinquencyHistory","string","MAPEO: [NINGUNA, MENOS_30_DIAS, MAS_30_DIAS] → [NONE, LESS_30_DAYS, MORE_30_DAYS]",""
"numero_consultas_buro","integer","O","creditInquiriesCount","integer","Mantener valor",""
"saldo_deuda_total","number","O","totalDebtBalance","number","Convertir a decimal con 2 lugares",""
"comportamiento_pagos","string","O","paymentBehavior","string","MAPEO: [PUNTUAL, ATRASO_OCASIONAL, ATRASO_FRECUENTE] → [ON_TIME, OCCASIONAL_DELAY, FREQUENT_DELAY]",""
"patrimonio","number","N","assets","number","Convertir a decimal con 2 lugares si existe",""
"relacion_deuda_ingresos","number","N","debtToIncomeRatio","number","Calcular: (saldo_deuda_total / ingresos_mensuales) * 100 si existe",""
"score_riesgo_fraude","integer","O","fraudRiskScore","integer","Mantener valor, rango [0-1000]",""
"indicadores_fraude","string","N","fraudIndicators","string","Lista de indicadores separados por '|' si existen (ej. 'DOCUMENTO_DUPLICADO|DIRECCION_SOSPECHOSA')",""
"fecha_ultima_consulta","string","O","lastInquiryDate","string","FORMATO: DD/MM/YYYY → YYYY-MM-DD",""
"resultado_evaluacion","string","O","evaluationResult","string","MAPEO: [APROBADO, RECHAZADO, REVISAR_MANUAL] → [APPROVED, REJECTED, MANUAL_REVIEW]",""